{
  "1D": {
    "A": {
      "params": [
        -1.6111181992780437,
        4.717236591791285,
        -2.0,
        0.059327249132005,
        0.09613863439849134,
        -0.03722767855497943,
        0.028342588144713646
      ],
      "rel_rmse_E": 0.08814160526925975,
      "rel_rmse_Om": NaN
    },
    "B": {
      "params": [
        -1.610217017421274,
        4.657950593447017,
        -2.0,
        0.0851382251596951,
        0.07931069954868003,
        0.07771383097091222,
        0.09265364555593321
      ],
      "rel_rmse_E": 0.08631383279010572,
      "rel_rmse_Om": NaN
    },
    "C": {
      "params": [
        -5.0,
        9.168535437881038,
        -2.0,
        0.0279853591709448,
        0.03545202123391087,
        0.007334227097103164,
        0.0596881620877302
      ],
      "rel_rmse_E": 0.6745798761033632,
      "rel_rmse_Om": NaN
    },
    "D": {
      "params": [
        1.654982904336264,
        20.0,
        20.0,
        0.03161930661954188,
        0.09150313617353228,
        -0.07611819813046172,
        0.06899610445128551
      ],
      "rel_rmse_E": 0.31736500729671924,
      "rel_rmse_Om": NaN
    }
  },
  "2D": {
    "A": {
      "params": [
        -0.02097821679355627,
        12.289385396918659,
        1.2354781553286494,
        0.003969365379007648,
        16.99136513127783,
        -1.9198862772510257,
        0.0
      ],
      "rel_rmse_E": 0.00034968697334822747,
      "rel_rmse_Om": 0.00047837235843167206
    },
    "B": {
      "params": [
        -0.3516058417648091,
        9.371284366442874,
        0.004835877736903875,
        0.0,
        18.26877990064982,
        -0.20222388419306903,
        0.0
      ],
      "rel_rmse_E": 0.024097539432789212,
      "rel_rmse_Om": 0.0015942339550889663
    },
    "C": {
      "params": [
        -0.3985679112214541,
        13.589045828394974,
        -0.6187938141856151,
        0.021050397633579188,
        4.665244662892334,
        1.3002130453000555,
        0.00013507836646253768
      ],
      "rel_rmse_E": 0.006200941252309353,
      "rel_rmse_Om": 0.0073604954231147384
    },
    "D": {
      "params": [
        -0.06584697343989608,
        19.53636541716978,
        16.66701684496345,
        0.17734090046803713,
        12.697263839590047,
        -2.0,
        0.0
      ],
      "rel_rmse_E": 0.004812206884888159,
      "rel_rmse_Om": 0.029568793676512727
    }
  },
  "3D": {
    "A": {
      "params": [
        -5.0,
        9.670358293961801,
        -0.38958935957217344,
        7.964330254826771,
        20.0,
        -2.0,
        1.0365680392657581
      ],
      "rel_rmse_E": 0.09157145118567829,
      "rel_rmse_Om": 0.40180277110135604
    },
    "B": {
      "params": [
        -5.0,
        10.633791240434054,
        -0.3820950191585234,
        7.475741437142611,
        20.0,
        -2.0,
        0.9861986105226506
      ],
      "rel_rmse_E": 0.082960413814058,
      "rel_rmse_Om": 0.39889072332778297
    },
    "C": {
      "params": [
        -0.6882574647181735,
        4.165690420747577,
        16.742262695997987,
        1.126130451086542,
        1.504052819830381,
        -0.7927612425971438,
        0.9330173439271903
      ],
      "rel_rmse_E": 0.5474005094147418,
      "rel_rmse_Om": 0.514506579558538
    },
    "D": {
      "params": [
        -2.726244675133009,
        20.0,
        0.09771010798998589,
        0.12131648808878355,
        20.0,
        -2.0,
        0.24452954489096215
      ],
      "rel_rmse_E": 0.40208210606663347,
      "rel_rmse_Om": 0.39965236036602697
    }
  }
}