{
  "1D": {
    "A": {
      "params": [
        1.0,
        1.5,
        0.01,
        0.01,
        0.01
      ],
      "rel_rmse_E": 0.2707367874989924,
      "rel_rmse_Om": NaN
    },
    "B": {
      "params": [
        1.0,
        1.5,
        0.01,
        0.01,
        0.01
      ],
      "rel_rmse_E": 0.27168103195526533,
      "rel_rmse_Om": NaN
    },
    "C": {
      "params": [
        0.02347878515640857,
        2.9541291056013725,
        0.005622526267020363,
        0.00020647978706465843,
        0.00552021704593377
      ],
      "rel_rmse_E": 0.883421778595298,
      "rel_rmse_Om": NaN
    },
    "D": {
      "params": [
        0.1532310385880691,
        1.775402562915151,
        0.009609779020069962,
        0.009214842630721089,
        0.00973992225203334
      ],
      "rel_rmse_E": 0.2777845000770704,
      "rel_rmse_Om": NaN
    }
  },
  "2D": {
    "A": {
      "params": [
        2.3202908697052136,
        0.8939655705381169,
        6.203680998189331,
        2.589951887754954,
        5.1766696049036624e-05
      ],
      "rel_rmse_E": 0.00023805450415004346,
      "rel_rmse_Om": 0.0006915362594189641
    },
    "B": {
      "params": [
        -4.254498898064988,
        0.3770134859915979,
        -0.49585964370430524,
        0.5216250969977825,
        0.0058932648934697076
      ],
      "rel_rmse_E": 0.001326354047514049,
      "rel_rmse_Om": 0.008145085763935389
    },
    "C": {
      "params": [
        -0.011676834987209464,
        -0.8429858835662455,
        -0.00011054601445806903,
        2.386162651621817,
        0.0005536629215971017
      ],
      "rel_rmse_E": 0.006773113939207705,
      "rel_rmse_Om": 0.008486710144504306
    },
    "D": {
      "params": [
        0.00555029602082143,
        -1.0,
        0.0008906279996713741,
        1.8679006780892948,
        0.0
      ],
      "rel_rmse_E": 0.004211086700404014,
      "rel_rmse_Om": 0.03339811506544425
    }
  },
  "3D": {
    "A": {
      "params": [
        0.3,
        2.0,
        0.3,
        2.0,
        0.21646922453200346
      ],
      "rel_rmse_E": 0.3790086963198472,
      "rel_rmse_Om": 0.9848703695713126
    },
    "B": {
      "params": [
        0.19435417404165156,
        3.036786848269508,
        8.256315624376946,
        2.8623732587687067,
        0.19142883249772474
      ],
      "rel_rmse_E": 0.3821465320310691,
      "rel_rmse_Om": 0.9648816570150089
    },
    "C": {
      "params": [
        0.5401774759575061,
        2.026935831855481,
        0.3039785191659425,
        1.9568018401089255,
        0.2405846364452913
      ],
      "rel_rmse_E": 0.6215449548398196,
      "rel_rmse_Om": 0.9073859067618648
    },
    "D": {
      "params": [
        4.873536125440546,
        -1.0,
        0.0007814857565519872,
        3.9093126768707607,
        0.07391300182496727
      ],
      "rel_rmse_E": 0.44811573745846933,
      "rel_rmse_Om": 0.3545743966073766
    }
  }
}